id,reg_num,name,urls
1027739082106,1,АО ЮниКредит Банк,"[""http://enter.unicredit.ru"", ""http://unicredit.ru"", ""http://unicreditbank.ru"", ""http://www.enter.unicredit.ru"", ""http://www.unicredit.ru"", ""http://www.unicreditbank.ru"", ""https://app.unicredit.ru"", ""https://enter.unicredit.ru"", ""https://travel.unicredit.ru"", ""https://unicreditbank.ru"", ""https://vk.com/unicreditbank"", ""https://www.unicreditbank.ru""]"
1027800000250,2,"АО ""КАБ ""Викинг""","[""https://www.vikingbank.ru""]"
1022500001325,21,"ООО ""Примтеркомбанк""","[""http://www.ptkb.ru""]"
1027800000194,53,"ПАО Банк ""АЛЕКСАНДРОВСКИЙ""","[""https://abank.ru"", ""https://alexbank.ru"", ""https://www.alexbank.ru"", ""https://%D0%B0%D0%BB%D0%B5%D0%BA%D1%81%D0%B0%D0%BD%D0%B4%D1%80%D0%BE%D0%B2%D1%81%D0%BA%D0%B8%D0%B9%D0%B1%D0%B0%D0%BD%D0%BA.%D1%80%D1%84""]"
1021600000289,67,"АКБ ""Энергобанк"" (АО)","[""https://energobank.ru""]"
1027700568224,77,МОРСКОЙ БАНК (АО),"[""https://www.maritimebank.com""]"
1022500001930,85,"АО КБ ""САММИТ БАНК""","[""http://www.kbsammit.ru"", ""https://t.me/kbsammit"", ""https://vk.com/kbsammit""]"
1055400000369,101,"АО ""БКС Банк""","[""https://bcs-bank.ru"", ""https://ok.ru/group/54859759878262"", ""https://twitter.com/finsmoney"", ""https://vk.com/fins.money""]"
1026100002026,106,"ПАО КБ ""Сельмашбанк""","[""https://selmashbank.ru"", ""https://www.selmashbank.ru""]"
1027739198387,121,"АО АКБ ""ЦентроКредит""","[""https://cr20.ccb2.ru"", ""https://ubi.ccb.ru"", ""https://www.ccb.ru""]"
1025500003737,170,"АО ""Авто Финанс Банк""","[""https://autofinancebank.ru"", ""https://lk-dbo.autofinancebank.ru"", ""https://t.me/autofinance_bank"", ""https://vk.com/autofinancebank""]"
1026200000111,212,Прио-Внешторгбанк (ПАО),"[""https://ok.ru/priovtb"", ""https://priovtb.com"", ""https://vk.com/priobank"", ""https://www.priovtb.com""]"
1027739412359,236,"ООО ""СПЕЦСТРОЙБАНК""","[""https://www.ssb.msk.ru""]"
1025900000048,249,"АО КБ ""Урал ФД""","[""http://m.uralfd.ru"", ""https://www.bankdom.ru"", ""https://www.klookva.ru"", ""https://www.ufd-pb.ru"", ""https://www.uralfd.ru""]"
1024300000042,254,"АО КБ ""Хлынов""","[""https://bank-hlynov.ru"", ""https://ok.ru/group/54899026493564"", ""https://portal.bank-hlynov.ru"", ""https://rutube.ru/channel/40150027"", ""https://vk.com/bankhlynov"", ""https://zen.yandex.ru/id/5dcbbabb6e8b7e61c05bb128"", ""https://%D0%B1%D0%B0%D0%BD%D0%BA-%D1%85%D0%BB%D1%8B%D0%BD%D0%BE%D0%B2.%D1%80%D1%84""]"
1026900005307,256,"АО ""ГУТА-БАНК""","[""http://www.gutabank.ru""]"
1027800000084,328,"АО ""АБ ""РОССИЯ""","[""https://www.abr.ru""]"
1026400002089,330,"ООО Банк ""Саратов""","[""https://www.banksaratov.ru""]"
1027700167110,354,Банк ГПБ (АО),"[""http://app.gpb.ru"", ""http://banka-ui.dev"", ""http://gazprombank.ru"", ""http://gazprombank.tech"", ""http://gazprompay.ru"", ""http://gorodpay.ru"", ""http://gpb.ru"", ""http://k-accounts.gazprombank.ru"", ""http://old.gazprombank.ru"", ""http://research.gazprombank.ru"", ""http://s.gazprombank.ru"", ""http://sbpgpb.ru"", ""http://www.banka-ui.dev"", ""http://www.gazprombank.ru"", ""http://www.gazprombank.tech"", ""http://www.gazprompay.ru"", ""http://www.gorodpay.ru"", ""http://www.gpb.ru"", ""http://www.sbpgpb.ru"", ""https://ausn.gazprombank.ru"", ""https://banka-ui.dev"", ""https://chat.gbo.gazprombank.ru"", ""https://chat.online.gpb.ru"", ""https://dzen.ru/gazprombank"", ""https://events.online.gpb.ru"", ""https://gazprombank.ru"", ""https://gazprombank.tech"", ""https://gazprompay.ru"", ""https://gbo.gazprombank.ru"", ""https://gorodpay.ru"", ""https://ok.ru/gazprombank"", ""https://research.gazprombank.ru"", ""https://rutube.ru/u/gazprombank"", ""https://vdr.gazprombank.ru"", ""https://vdr2.gazprombank.ru"", ""https://vk.com/gazprombank"", ""https://www.banka-ui.dev"", ""https://www.gazprombank.tech"", ""https://www.gazprompay.ru"", ""https://www.gorodpay.ru""]"
1231600067654,415,"АО Банк ""Аверс""","[""https://www.aversbank.ru""]"
1026600000350,429,"ПАО КБ ""УБРиР""","[""http://ap.ubrr.ru"", ""http://card.ubrr.ru"", ""http://ecom.ubrr.ru"", ""http://ibd.ubrr.ru"", ""http://ipoteka.ubrr.ru"", ""http://odnoklassniki.ru/bankubrr"", ""http://ok.ru/bankubrr"", ""http://reg.ubrr.ru"", ""http://sales.ubrr.ru"", ""http://sumka.ubrr.ru/personal"", ""http://ubrr.cashbackforce.ru"", ""http://ubrr.ru."", ""http://vk.com/bank_ubrr"", ""http://vk.com/club42294542"", ""http://www.odnoklassniki.ru/bankubrr"", ""http://www.ok.ru/bankubrr"", ""http://www.ubrr.ru"", ""http://www.vk.com/bank_ubrr"", ""http://www.vk.com/club42294542"", ""https://3ds.ubrr.ru"", ""https://3dsmc.ubrr.ru"", ""https://ap.ubrr.ru"", ""https://card.ubrr.ru"", ""https://ecom.ubrr.ru"", ""https://ibd.ubrr.ru"", ""https://ipoteka.ubrr.ru"", ""https://lk.ubrr.ru"", ""https://odnoklassniki.ru/bankubrr"", ""https://ok.ru/bankubrr"", ""https://reg.ubrr.ru"", ""https://sales.ubrr.ru"", ""https://sumka.ubrr.ru/personal"", ""https://ubrr.cashbackforce.ru"", ""https://ubrr.ru"", ""https://vk.com/bank_ubrr"", ""https://vk.com/club42294542"", ""https://www.odnoklassniki.ru/bankubrr"", ""https://www.ok.ru/bankubrr"", ""https://www.ubrr.ru"", ""https://www.vk.com/bank_ubrr"", ""https://www.vk.com/club42294542""]"
1037700041323,435,"АО ""СПБ Банк""","[""https://spbbank.com"", ""https://www.spbbank.ru""]"
1027800000140,436,"ПАО ""Банк ""Санкт-Петербург""","[""https://dzen.ru/mybspb"", ""https://inkas.bspb.ru"", ""https://max.ru/bspb"", ""https://max.ru/id7831000027_biz"", ""https://max.ru/zalogbspb"", ""https://t.me/bspb_ir"", ""https://t.me/ipoteka_bspb"", ""https://t.me/itsbetterhere"", ""https://t.me/mybspb"", ""https://t.me/vedsovet"", ""https://t.me/yarko_bspb"", ""https://t.me/zalogbspb"", ""https://vk.com/bspb"", ""https://vk.com/club93044153"", ""https://vk.com/contact_bspb"", ""https://vk.com/rabota_v_bspb"", ""https://www.bspb.ru"", ""https://www.odnoklassniki.ru/bspb""]"
1021600000840,438,"ООО ""Камкомбанк""","[""https://www.backbron.kamkombank.ru"", ""https://www.bron.kamkombank.ru"", ""https://www.kamkombank.ru"", ""https://www.mail.kamkombank.pro"", ""https://www.review.kamkombank.ru""]"
1026400002265,444,"АО ""БАЛАКОВО-БАНК""","[""http://www.balakovo-bank.ru""]"
1022300000502,478,"АО ""Кубаньторгбанк""","[""http://bktb.ru"", ""http://www.bktb.ru"", ""http://www.kvtb.ru"", ""https://ktbra.kubantorgbank.ru""]"
1021600000256,480,"АО ""ТАТСОЦБАНК""","[""https://tatsotsbank.ru""]"
1022300003021,481,"ООО КБ ""РостФинанс""","[""https://dzen.ru/bank_rostfinance"", ""https://max.ru/join/szJwDc7wTXgtCG_3mz7qLW8Vdfp0qQ2heAQRRV4Ycss"", ""https://t.me/bankrostfinance"", ""https://vk.com/bank_rostfinance"", ""https://www.rostfinance.ru""]"
1027400000110,485,"ПАО ""ЧЕЛИНДБАНК""","[""http://chelind.ru"", ""http://chelindclub.ru"", ""http://credit.chelind.ru"", ""http://creditbusiness.chelind.ru"", ""http://creditcard.chelind.ru"", ""http://dobro.chelind.ru"", ""http://ipoteka.chelind.ru"", ""http://ok.ru/chelindbank"", ""http://refinans.chelind.ru"", ""http://rko.chelind.ru"", ""http://t.me/chelind"", ""http://t.me/chelind_business"", ""http://vk.com/chelindbank"", ""http://vk.com/club48759112"", ""http://www.chelindclub.ru"", ""http://www.ok.ru/chelindbank"", ""http://www.t.me/chelind"", ""http://www.t.me/chelind_business"", ""http://www.vk.com/chelindbank"", ""http://www.vk.com/club48759112"", ""https://acquiring.chelind.ru"", ""https://agent.chelind.ru"", ""https://auto.chelind.ru"", ""https://chelind.ru"", ""https://chelind.ru/garant"", ""https://chelindbank.ru"", ""https://chelindclub.ru"", ""https://credit.chelind.ru"", ""https://creditbusiness.chelind.ru"", ""https://creditcard.chelind.ru"", ""https://dobro.chelind.ru"", ""https://ipoteka.chelind.ru"", ""https://ipoteka-biz.chelind.ru"", ""https://max.ru/chelindbank"", ""https://mir.chelind.ru"", ""https://ok.ru/chelindbank"", ""https://refinans.chelind.ru"", ""https://rko.chelind.ru"", ""https://t.me/chelind"", ""https://t.me/chelind_business"", ""https://vk.com/chelindbank"", ""https://vk.com/club48759112"", ""https://vklad.chelind.ru"", ""https://www.chelindbank.ru"", ""https://www.chelindclub.ru"", ""https://www.ok.ru/chelindbank"", ""https://www.t.me/chelind"", ""https://www.t.me/chelind_business"", ""https://www.vk.com/chelindbank"", ""https://www.vk.com/club48759112"", ""https://zarplata.chelind.ru"", ""https://%D1%87%D0%B5%D0%BB%D0%B8%D0%BD%D0%B4%D0%B1%D0%B0%D0%BD%D0%BA.%D1%80%D1%84""]"
1026100001817,492,"ПАО ""Донкомбанк""","[""http://doncombank.ru"", ""http://donkombank.ru"", ""http://www.doncombank.ru"", ""http://www.donkombank.ru""]"
1027400001650,493,"ПАО ""ЧЕЛЯБИНВЕСТБАНК""","[""http://chelinvest.ru"", ""http://www.chelinvest.ru"", ""http://%D1%87%D0%B5%D0%BB%D0%B8%D0%BD%D0%B2%D0%B5%D1%81%D1%82.%D1%80%D1%84"", ""https://ok.ru/chelinvest"", ""https://rutube.ru/channel/24386903"", ""https://t.me/chelinvest_bank"", ""https://vk.com/bankchelinvest""]"
1027300000166,524,"АО Банк ""Венец""","[""https://vk.com/club76167965"", ""https://www.venets-bank.ru""]"
1028600002100,537,"АО КБ ""Приобье""","[""https://www.priobye.ru""]"
1026400002012,538,"ООО ""Промсельхозбанк""","[""https://www.pshb.ru""]"
1026300001848,554,"АО КБ ""Солидарность""","[""https://mia.ru"", ""https://solid.ru"", ""https://t.me/banksolidarnost"", ""https://t.me/solidaritybank"", ""https://vk.com/bank_solidarity"", ""https://%D1%81%D0%BE%D0%BB%D0%B8%D0%B4%D0%B0%D1%80%D0%BD%D0%BE%D1%81%D1%82%D1%8C%D0%B1%D0%B0%D0%BD%D0%BA.%D1%80%D1%84""]"
1025400000427,567,"АО ""Банк Акцепт""","[""https://ok.ru/profile/588314340297?utm_campaign=android_share&utm_content=profile"", ""https://t.me/bank_akcept"", ""https://vk.com/bankakcept"", ""https://www.akcept.ru"", ""https://youtube.com/@user-kd6kq4hj8v""]"
1026100001982,574,"ООО ""ЗЕМКОМБАНК""",[]
1028600002199,575,"АО АБ ""Капитал""","[""https://capital-bank.ru""]"
1028600001792,588,"АО БАНК ""СНГБ""","[""https://dp.sngb.ru"", ""https://max.ru/id8602190258_biz"", ""https://t.me/sngbbank"", ""https://vk.com/surgutneftegasbank"", ""https://www.sngb.ru"", ""https://www.youtube.com/channel/UCtNTzh-ZlcpwnNMv3vobcoA""]"
1026000001774,598,"АО ""Великие Луки банк""","[""https://vlb100.ru""]"
1027739065375,600,Банк ИПБ (АО),"[""https://ipb.ru"", ""https://vk.com/ipb1973"", ""https://www.ipb.ru""]"
1027739222246,604,"АО ""Первый Инвестиционный Банк""","[""https://finbank.ru"", ""https://online.finbank.ru""]"
1125800000094,609,"ПАО Банк ""Кузнецкий""","[""http://www.kuzbank.ru""]"
1021800000090,646,"АО ""Датабанк""","[""https://databank.ru"", ""https://t.me/ao_databank"", ""https://t.me/databankcareer"", ""https://vk.com/ao_databank"", ""https://vk.com/databankcareer"", ""https://zen.yandex.ru/id/6073d2739075aa667ca63c8a""]"
1020100002955,665,"ООО КБ ""ГТ банк""",[]
1026000001983,685,"ПАО КБ ""РусьРегионБанк""","[""https://rrb.ru"", ""https://rrbank.ru"", ""https://www.rrb.ru"", ""https://www.rrbank.ru""]"
1020700000496,695,"Банк ""Нальчик"" ООО","[""http://bnal.ru"", ""http://www.bnal.ru"", ""https://bnal.ru"", ""https://www.bnal.ru""]"
1025600001679,702,"ПАО ""НИКО-БАНК""","[""https://vk.com/nicobank"", ""https://www.nico-bank.ru""]"
1026600000460,705,АО Банк Синара,"[""http://sinara.ru"", ""http://www.sinara.ru"", ""https://acquiring.delo.ru"", ""https://delo.ru"", ""https://job.delo.ru"", ""https://ok.ru/banksinara"", ""https://ok.ru/delobankru"", ""https://partner.sinara.ru"", ""https://pokazhem.delo.ru"", ""https://shrtn.sinara.ru"", ""https://sinara.ru"", ""https://sinara-finance.ru"", ""https://tvoe.delo.ru"", ""https://vk.com/banksinara"", ""https://vk.com/delobank"", ""https://www.delo.ru"", ""https://www.sinara.ru"", ""https://www.sinara-finance.ru""]"
1021600000014,708,"ООО КБЭР ""Банк Казани""","[""https://bankofkazan.su"", ""https://t.me/+Nz0lGQrv6is5ZjJi"", ""https://vk.com/bank.kazani"", ""https://www.bankofkazan.ru"", ""https://www.ok.ru/bankofkazan"", ""https://zen.yandex.ru/id/604710f60d6fa96ab96ad2b4"", ""https://%D1%85%D0%BE%D1%87%D1%83%D0%BA%D0%BE%D0%BD%D1%82%D1%80%D0%B0%D0%BA%D1%82.%D1%80%D1%84"", ""https://%D1%85%D0%BE%D1%87%D1%83%D0%BA%D1%80%D0%B5%D0%B4%D0%B8%D1%82.%D1%80%D1%84""]"
1023100000560,760,"АО УКБ ""Белгородсоцбанк""","[""https://www.bsbank.ru""]"
1022600000114,779,"ООО ""РУСБС""","[""http://www.rusbsbank.ru""]"
1022700000685,783,"АО ""Роял Кредит Банк""","[""https://www.royal-bank.ru""]"
1025300000175,804,"АО НКБ ""СЛАВЯНБАНК""","[""https://slavbank.ru"", ""https://www.slavbank.ru""]"
1021600000586,817,"""Банк Заречье"" (АО)",[]
1020100002340,841,"ООО ""ВБ Банк""","[""https://wb-bank.ru"", ""https://wbpay.ru""]"
1024500000392,842,"ООО КБ ""Кетовский""","[""http://vk.com/bank45"", ""http://www.bank-45.ru""]"
1026500538240,857,"КБ ""Долинск"" (АО)","[""http://dolinskbank.ru""]"
1025900000510,875,Банк Пермь (АО),"[""https://api.bankperm.ru"", ""https://bankperm.ru"", ""https://lk.bankperm.ru"", ""https://twitter.com/bankperm"", ""https://vk.com/bankperm"", ""https://www.bankperm.ru""]"
1024300004739,902,"ПАО ""Норвик Банк""","[""http://action.norvikbank.ru"", ""https://corp-lkk.norvikbank.ru"", ""https://max.ru/id4346001485_biz"", ""https://norvikbank.ru"", ""https://promo.norvikbank.ru"", ""https://rbi.norvikbank.ru:440"", ""https://rko.norvik.ru"", ""https://t.me/+TD-qPwO1g99hMDI6"", ""https://t.me/norvikbank_official"", ""https://vk.com/norvikbank"", ""https://www.youtube.com/channel/UC7psywUutxdRxQTRUirB5WQ"", ""https://zen.yandex.ru/norvikbank"", ""https://%D0%BD%D0%BE%D0%B2%D0%BE%D0%B3%D0%BE%D0%B4%D0%BD%D0%B8%D0%B9.%D0%BD%D0%BE%D1%80%D0%B2%D0%B8%D0%BA%D0%B1%D0%B0%D0%BD%D0%BA.%D1%80%D1%84""]"
1023300000063,903,"АО ""ВЛАДБИЗНЕСБАНК""","[""https://vk.com/vlbbru"", ""https://www.vlbb.ru"", ""https://youtube.com/channel/UCrVssMkBVr3ptSSWpai85Cw""]"
1026900000170,933,"АО ""Банк ""Торжок""","[""https://kb-tub.ru""]"
1144400000425,963,"ПАО ""Совкомбанк""","[""http://www.sovcombank.com"", ""https://app.halvacard.ru"", ""https://app.sovcombank.ru"", ""https://credit.sovcombank.ru"", ""https://fintender.ru"", ""https://gethalva.ru"", ""https://halva.email"", ""https://halva.energy"", ""https://halva.im"", ""https://halva.promo"", ""https://halva.tel"", ""https://halvacard.ru"", ""https://halvacat.sovcombank.ru"", ""https://halvaclub.ru"", ""https://halva-gift.sovcombank.ru"", ""https://home.bank"", ""https://homebank.ru"", ""https://homecredit.ru"", ""https://hva.im"", ""https://i.doktor.kr"", ""https://idea.sovcombank.ru"", ""https://journal.sovcombank.ru"", ""https://media.halvacard.ru"", ""https://ok.ru/paosovcombank"", ""https://online.sovcombank.ru"", ""https://people.sovcombank.ru"", ""https://polza.home.bank"", ""https://scb.im"", ""https://sovcombank.business"", ""https://sovcombank.credit"", ""https://sovcombank.info"", ""https://t.me/sovcombankofficial"", ""https://vk.com/sovcombank"", ""https://vklad.sovcombank.ru"", ""https://wm.sovcombank.ru"", ""https://www.rosevrobank.ru"", ""https://www.sovcombank.ru"", ""https://www.vostbank.ru"", ""https://zalog.sovcombank.ru""]"
1026600001823,965,"АО ""ПЕРВОУРАЛЬСКБАНК""","[""https://acquiring.pervbank.ru"", ""https://acs.pervbank.ru"", ""https://credittorgi.pervbank.ru"", ""https://crl.pervbank.ru"", ""https://emitent.pervbank.ru"", ""https://leasing.pervbank.ru"", ""https://lk.pervbank.ru"", ""https://lkbusiness.pervbank.ru"", ""https://mail.pervbank.ru"", ""https://marketplace.pervbank.ru"", ""https://pervbank.ru"", ""https://prvbank.ru"", ""https://pvubank.com"", ""https://realty.pervbank.ru"", ""https://res.pervbank.ru"", ""https://t.me/pervouralskbank"", ""https://ved.pervbank.ru"", ""https://vk.com/pervbank"", ""https://vk.com/public162680472"", ""https://vklad.pervbank.ru"", ""https://www.pvubank.com""]"
1027200000013,990,"ООО КБ ""Дружба""","[""https://bankd.ru""]"
1027739609391,1000,Банк ВТБ (ПАО),"[""http://www.privilege.vtb.ru"", ""https://accr.vtb.ru"", ""https://acquiring.vtb.ru"", ""https://apihack.vtb.ru"", ""https://apply-apihack.vtb.ru"", ""https://apply-architechhack.vtb.ru"", ""https://apply-moretech.vtb.ru"", ""https://architechhack.vtb.ru"", ""https://auth.lk.vtb.ru"", ""https://auto.vtb.ru"", ""https://chn.vtb.ru"", ""https://cscampus.ru"", ""https://ilovecar.vtb.ru"", ""https://ilove-car.vtb.ru"", ""https://investday.vtb.ru"", ""https://ipoteka-online.vtb.ru"", ""https://kasko.vtb.ru"", ""https://kdelu.vtb.ru"", ""https://learn.vtb.ru"", ""https://leo.vtb.ru"", ""https://lk.vtb.ru"", ""https://lkbo.vtb.ru"", ""https://metaverse.vtb.ru"", ""https://million.vtb.ru"", ""https://moretech.vtb.ru"", ""https://mortgage.vtb.ru"", ""https://my.vtb.ru"", ""https://ok.ru/vtb"", ""https://osago.vtb.ru"", ""https://pb.vtb.ru"", ""https://private.vtb.ru"", ""https://privilege.vtb.ru"", ""https://rabota.vtb.ru"", ""https://rsl.vtb.ru"", ""https://skazki.vtb.ru"", ""https://startup.vtb.ru"", ""https://t.me/vtb_main_bot"", ""https://teatr.vtb.ru"", ""https://t-win.vtb.ru"", ""https://vitrina.vtb.ru"", ""https://vk.com/vtb"", ""https://vtb.bank.in"", ""https://vtb.corp.ru"", ""https://vtb.fut.ru"", ""https://vtb24.ru"", ""https://vtbfamily.ru"", ""https://vtb-grants.fut.ru"", ""https://vtbklassika.ru"", ""https://vtb-liga.fut.ru"", ""https://vtbrussia.ru"", ""https://vtbstrana.ru"", ""https://www.ilovecar.vtb.ru"", ""https://www.ilove-car.vtb.ru"", ""https://www.vtb.com"", ""https://www.vtb.promo"", ""https://www.vtb.ru"", ""https://www.young.vtb.ru"", ""https://young.vtb.ru"", ""https://%D0%B2%D1%82%D0%B1.%D1%80%D1%84""]"
1021900002563,1049,"ООО ""Хакасский муниципальный банк""","[""https://kbhmb.ru""]"
1077711000080,1052,АО «ТелеПорт Банк»,"[""https://max.ru/id7750004175_biz"", ""https://teleportbank.ru"", ""https://www.teleportbank.ru""]"
1023800000124,1067,"АО ""РЕАЛИСТ БАНК""","[""https://realistbank.ru"", ""https://www.ntx-bank.ru""]"
1025200000198,1114,"ПАО Комбанк ""Химик""","[""http://www.bankhimik.ru""]"
1024400003858,1115,"ООО ""Костромаселькомбанк""","[""http://www.selkombank.ru""]"
1026500000317,1143,"ООО ""Цифра банк""","[""https://acqsbp.cifra-bank.ru"", ""https://cifra-bank.ru"", ""https://club500.cifra-bank.ru"", ""https://job.cifra-bank.ru"", ""https://rutube.ru/channel/65740163"", ""https://t.me/cifrabank_official"", ""https://vk.com/cifra.bank""]"
1023800000069,1144,"""Братский АНКБ"" АО","[""https://ankb.ru"", ""https://www.ankb.ru""]"
1024000001739,1151,"ООО КБ ""Калуга""","[""https://www.bankkaluga.ru""]"
1024200001814,1158,"АО ""Кузнецкбизнесбанк""","[""http://kbb.ru"", ""http://www.kbb.ru"", ""https://kbb.ru"", ""https://vk.com/kbb_nk"", ""https://www.kbb.ru""]"
1025200000011,1281,"АО комбанк ""Арзамас""","[""http://www.bank-arzamas.ru"", ""https://bank-arzamas.ru""]"
1022600000092,1288,"ПАО ""Банк Ставр""","[""https://bankstavr.ru"", ""https://online.bankstavr.ru/fb2"", ""https://t.me/psbst_26"", ""https://vk.com/promstroibank"", ""https://www.bankstavr.ru"", ""https://www.youtube.com/channel/UC40ehLiGw0DZorZSGOavRqg"", ""https://youtube.com/channel/UC40ehLiGw0DZorZSGOavRqg""]"
1026000002160,1291,"АО КБ ""ВАКОБАНК""","[""https://vakobank.com"", ""https://www.vakobank.com"", ""https://www.%D0%B2%D0%B0%D0%BA%D0%BE%D0%B1%D0%B0%D0%BD%D0%BA.%D1%80%D1%84"", ""https://%D0%B2%D0%B0%D0%BA%D0%BE%D0%B1%D0%B0%D0%BD%D0%BA.%D1%80%D1%84""]"
1023900000080,1307,"КБ ""ЭНЕРГОТРАНСБАНК"" (АО)","[""http://bonus.energotransbank.com"", ""http://business.energotransbank.com"", ""http://business-credit.energotransbank.com"", ""http://energotransbank.com"", ""http://etbank.ru"", ""http://import-export.energotransbank.com"", ""http://my.energotransbank.com"", ""http://rko.energotransbank.com"", ""http://supreme.energotransbank.com"", ""http://t.me/energotransbank"", ""http://vk.com/energotransbank"", ""http://www.energotransbank.com"", ""http://www.etbank.ru"", ""http://www.%D1%8D%D0%BD%D0%B5%D1%80%D0%B3%D0%BE%D1%82%D1%80%D0%B0%D0%BD%D1%81%D0%B1%D0%B0%D0%BD%D0%BA.%D1%80%D1%84"", ""http://%D1%8D%D0%BD%D0%B5%D1%80%D0%B3%D0%BE%D1%82%D1%80%D0%B0%D0%BD%D1%81%D0%B1%D0%B0%D0%BD%D0%BA.%D1%80%D1%84"", ""https://bonus.energotransbank.com"", ""https://business.energotransbank.com"", ""https://business-credit.energotransbank.com"", ""https://energotransbank.com"", ""https://etbank.ru"", ""https://import-export.energotransbank.com"", ""https://my.energotransbank.com"", ""https://rko.energotransbank.com"", ""https://supreme.energotransbank.com"", ""https://t.me/energotransbank"", ""https://vk.com/energotransbank"", ""https://www.energotransbank.com"", ""https://www.etbank.ru"", ""https://www.%D1%8D%D0%BD%D0%B5%D1%80%D0%B3%D0%BE%D1%82%D1%80%D0%B0%D0%BD%D1%81%D0%B1%D0%B0%D0%BD%D0%BA.%D1%80%D1%84"", ""https://%D1%8D%D0%BD%D0%B5%D1%80%D0%B3%D0%BE%D1%82%D1%80%D0%B0%D0%BD%D1%81%D0%B1%D0%B0%D0%BD%D0%BA.%D1%80%D1%84""]"
1026800000017,1312,"АО Банк ""ТКПБ""","[""http://tkpb.ru"", ""http://www.tkpb.ru""]"
1026400002067,1319,"АО ""Экономбанк""","[""https://econombank.ru""]"
1027700067328,1326,"АО ""АЛЬФА-БАНК""","[""http://alfafinance.ru"", ""http://anmfo.alfabank.ru"", ""http://investments.alfabank.ru"", ""http://postcard.alfabank.ru"", ""http://rabota.alfabank.ru"", ""https://13.alfabank.ru"", ""https://aclub.alfabank.ru"", ""https://aclub.ru"", ""https://alfabank.ru/everyday/reorg"", ""https://alfafuture.com"", ""https://alfafuture.ru"", ""https://alfaglobal.alfabank.ru"", ""https://alfaleasing.ru"", ""https://alfapartners.alfabank.ru"", ""https://ank.alfabank.ru"", ""https://anketa.alfabank.com"", ""https://anketa.alfabank.ru"", ""https://baltbank.ru"", ""https://cfo-front.alfabank.ru"", ""https://corpcard.alfabank.ru"", ""https://design.alfabank.ru"", ""https://digital.alfabank.ru"", ""https://digital-cert.alfabank.ru"", ""https://digp.alfabank.ru"", ""https://ebsadapter.alfabank.ru"", ""https://ecard.alfabank.ru"", ""https://factoring.alfabank.ru"", ""https://fifa.alfabank.ru"", ""https://filebox-test.alfabank.ru"", ""https://hr.alfabank.ru"", ""https://id-test.alfabank.ru"", ""https://job.alfabank.ru"", ""https://kassa.alfabank.ru"", ""https://kurs.alfabank.ru"", ""https://link.alfabank.ru/webclient/pages"", ""https://mobile.auth.alfabank.ru"", ""https://my.alfabank.ru/SLXCustomerPortal"", ""https://news.alfabank.ru"", ""https://ok.ru/alfabank"", ""https://partner.alfabank.ru"", ""https://partnership.alfabank.ru"", ""https://partnership-new.alfabank.ru"", ""https://research.alfabank.ru"", ""https://rko.alfabank.ru"", ""https://savemoney.alfabank.ru"", ""https://store.alfabank.ru"", ""https://svoy.alfabank.ru"", ""https://t.me/AlfaBank"", ""https://vk.com/alfabank"", ""https://vk.com/alfabank_sme"", ""https://www.alfabank.com"", ""https://www.alfa-bank.com"", ""https://www.alfabank.ru"", ""https://www.alfa-bank.ru""]"
1024100000121,1329,"АО ""Солид Банк""","[""https://solidbank.ru""]"
1025400000010,1343,"Банк ""Левобережный"" (ПАО)","[""https://bliz.nskbl.ru"", ""https://lk.nskbl.ru"", ""https://www.nskbl.ru""]"
1025300002925,1352,"ПАО УКБ ""Новобанк""","[""https://novobank.ru"", ""https://vk.com/novobank53""]"
1026600001361,1370,"ООО КБ ""Уралфинанс""","[""https://help.motivpay.ru"", ""https://uralfinance.ru"", ""https://vk.com/id500418831"", ""https://www.ok.ru/profile/573540005960"", ""https://www.uralfinance.ru""]"
1027400009064,1376,"Банк ""Снежинский"" АО","[""https://ais.snbank.ru"", ""https://ebs.snbank.ru"", ""https://matkap.snbank.ru"", ""https://my.snbank.ru"", ""https://queue.snbank.ru"", ""https://snbank.ru"", ""https://www.snbank.ru""]"
1024000001002,1399,"ООО банк ""Элита""","[""https://www.bankelita.ru""]"
1027700132195,1481,ПАО Сбербанк,"[""http://pokupay.ru"", ""http://promo.sber.ru"", ""http://sber.ru"", ""http://sberbank.com"", ""http://sberbank.ru"", ""http://sberbank1.ru"", ""http://sberbankaktivno.ru"", ""http://sberindex.ru"", ""http://sberprime.sber.ru"", ""http://sbersova.ru"", ""http://sbertv.ru"", ""http://sbrf.ru"", ""http://www.pokupay.ru"", ""http://www.sber.ru"", ""http://www.sberbank.com"", ""http://www.sberbank.ru"", ""http://www.sberbank1.ru"", ""http://www.sberbankaktivno.ru"", ""http://www.sberindex.ru"", ""http://www.sbersova.ru"", ""http://www.sbertv.ru"", ""http://www.sbrf.ru"", ""https://clickstream.ru"", ""https://ok.ru/sber"", ""https://ok.ru/sberbank"", ""https://opros.sberbank.ru"", ""https://pokupay.ru"", ""https://portal-da.ru"", ""https://promo.sber.ru"", ""https://sber.ru"", ""https://sberbank.com"", ""https://sberbank.ru"", ""https://sberbank1.ru"", ""https://sberbankaktivno.ru"", ""https://sberclickstream.ru"", ""https://sberindex.ru"", ""https://sberminor.ru"", ""https://sberprime.sber.ru"", ""https://sbersova.ru"", ""https://sbertv.ru"", ""https://sbrf.ru"", ""https://t.me/sberbank"", ""https://vk.com/sberbank"", ""https://www.pokupay.ru"", ""https://www.sber.ru"", ""https://www.sberbank.com"", ""https://www.sberbank.ru"", ""https://www.sberbank1.ru"", ""https://www.sberbankaktivno.ru"", ""https://www.sberindex.ru"", ""https://www.sbersova.ru"", ""https://www.sbertv.ru"", ""https://www.sbrf.ru""]"
1027739857958,1573,"ПАО ""РосДорБанк""","[""https://welcome.rdb.ru"", ""https://www.rdb.ru""]"
1021600000146,1581,"АО ""Тимер Банк""","[""https://timerbank.ru""]"
1027739296584,1637,"""СДМ-Банк"" (ПАО)","[""https://lkk.sdm.ru"", ""https://merchant.sdm.ru"", ""https://vk.com/sdmbank"", ""https://www.sdm.ru""]"
1027800000953,1680,Креди Агриколь КИБ АО,"[""https://ca-cib.ru""]"
1027000002446,1720,"ПАО ""Томскпромстройбанк""","[""https://tpsbank.tomsk.ru"", ""https://www.tpsbank.tomsk.ru""]"
1021600000751,1732,"АО ""ИК Банк""","[""https://icbru.ru""]"
1021800001508,1745,"ПАО ""БыстроБанк""","[""https://bystrobank.ru"", ""https://ok.ru/group/53676868042866"", ""https://vk.com/bystrobank"", ""https://web.max.ru/-71192110415963""]"
1024200001792,1747,"ООО ""НОВОКИБ""","[""https://ok.ru/group/54436107059318"", ""https://vk.com/banknovokib"", ""https://www.novokib.ru""]"
1107711000022,1751,АО МОСОБЛБАНК,"[""https://ibank.mosoblbank.ru"", ""https://www.mosoblbank.ru""]"
1023000817388,1765,АО ЕАТПБанк,"[""http://ok.ru/eatpbank"", ""https://vk.com/eatpbank"", ""https://www.eatpbank.ru""]"
1023700001467,1781,"АО КИБ ""ЕВРОАЛЬЯНС""","[""https://euroalliance.ru"", ""https://t.me/bank_euroalliance"", ""https://vk.com/bank_euroalliance"", ""https://www.euroalliance.ru""]"
1025900000059,1788,"АО АКИБ ""Почтобанк""","[""http://www.uralexpress.ru""]"
1028600003497,1809,"АО БАНК ""Ермак""","[""https://bankermak.ru"", ""https://ermakbank.ru""]"
1022800000079,1810,"""Азиатско-Тихоокеанский Банк"" (АО)","[""https://Lk.atb.su"", ""https://www.atb.su""]"
1026100002708,1818,"МКБ ""Дон-Тексбанк"" ООО","[""http://donteksbank.ru""]"
1025600001668,1829,"ООО ""Инбанк""","[""https://in-bank.ru"", ""https://www.in-bank.ru""]"
1027739553764,1885,"АКБ ""ФОРА-БАНК"" (АО)","[""http://vk.com/forabank"", ""https://forabank.ru"", ""https://www.forabank.ru""]"
1023500000655,1896,"АО ""Банк ""Вологжанин""","[""https://bankvl.ru"", ""https://vk.com/bankvl"", ""https://www.bankvl.ru""]"
1037739042912,1920,"АКБ ""Ланта-Банк"" (АО)","[""https://dzen.ru/lantabankru"", ""https://lanta.ru"", ""https://t.me/lantabankRu"", ""https://vk.com/lantabankru"", ""https://www.lanta.ru"", ""https://www.youtube.com/channel/UC4DAyOcbqWQViw-0Ycuk1jA""]"
1022200525841,1927,"АО КБ ""Модульбанк""","[""https://modulbank.ru"", ""https://ok.ru/modulbank"", ""https://vk.com/modulbank"", ""https://www.hicebank.ru""]"
1247700420990,1948,"АО ""Банк ДАЛЕНА""","[""https://www.dalenabank.ru""]"
1083700000471,1949,АО БАНК НБС,"[""https://nbsrf.ru"", ""https://vk.com/banknbs"", ""https://www.nbsrf.ru""]"
1025200000022,1966,"ПАО ""НБД-Банк""","[""http://nbdbank.ru"", ""http://www.nbdbank.ru"", ""https://lkc.nbdbank.ru"", ""https://vk.com/nbd_bank""]"
1021600000366,1973,"ООО ""АвтоКредитБанк""","[""https://www.autokreditbank.ru""]"
1027739555282,1978,"ПАО ""МОСКОВСКИЙ КРЕДИТНЫЙ БАНК""","[""https://dzen.ru/mkb"", ""https://finuslugi.ru/vklady/mkb-preimushchestvo-3802"", ""https://inkakhran.ru"", ""https://ir.mkb.ru"", ""https://kubank.ru"", ""https://lk.mkb.ru"", ""https://max.ru/mkbbank"", ""https://mkb.ru"", ""https://office-demo.mkb.ru"", ""https://ok.ru/bankmkb"", ""https://private.mkb.ru"", ""https://start.mkb.ru"", ""https://t.me/mkb_investments"", ""https://t.me/mkbbank"", ""https://twitter.com/bankmkb"", ""https://vk.com/mkbteam"", ""https://vk.ru/bankmkb"", ""https://vk.ru/mkb_investments"", ""https://wiki-nvbo.mkb.ru"", ""https://www.youtube.com/user/MoscowCreditBank""]"
1022200525819,2015,"""СИБСОЦБАНК"" ООО","[""http://www.sibsoc.ru"", ""https://vk.com/sibsoc""]"
1027739058720,2034,"Банк ""СЕРВИС РЕЗЕРВ"" (АО)","[""https://srbank.ru"", ""https://stm.srbank.ru""]"
1026200004060,2065,"ООО ""ЖИВАГО БАНК""","[""https://info.zhivagobank.ru"", ""https://ok.ru/zhivagobank"", ""https://t.me/BankZhivago"", ""https://t.me/Zhivago_bank_bot"", ""https://vk.com/zhivagobank_ru"", ""https://www.zhivagobank.ru""]"
1151600000100,2070,"ООО ""АЛТЫНБАНК""","[""http://altynbank.com""]"
1024100000165,2103,"КМ ""Профильный Банк"" (АО)","[""https://www.profilbank.ru""]"
1027739250285,2110,"АКБ ""ПЕРЕСВЕТ"" (ПАО)","[""https://www.bank-peresvet.ru""]"
1027739176080,2119,"АО АКБ ""Алеф-Банк""","[""https://alefbank.com"", ""https://www.alefbank.ru""]"
1027700458224,2170,"АКБ ""НРБанк"" (АО)","[""http://en.nrb.ru"", ""http://nrb.ru"", ""http://www.nrb.ru"", ""https://en.nrb.ru"", ""https://nrb.ru"", ""https://www.nrb.ru""]"
1025600000854,2208,"АКБ ""Форштадт"" (АО)","[""https://forshtadt.ru""]"
1027739186970,2210,ТКБ БАНК ПАО,"[""http://www.tkbbank.ru""]"
1027739177377,2216,"АО ""Банк Интеза""","[""https://twitter.com/bankintesa"", ""https://vk.com/bankintesa"", ""https://www.bancaintesa.ru"", ""https://www.kmb.ru""]"
1026100001949,2225,"ПАО КБ ""Центр-инвест""","[""https://www.centrinvest.ru""]"
1027739019373,2245,"АО КБ ""КОСМОС""","[""http://bcosm.ru"", ""http://cosmos-bank.ru"", ""http://www.bcosm.ru"", ""http://www.cosmos-bank.ru"", ""https://bcosm.ru"", ""https://cosmos-bank.ru"", ""https://www.bcosm.ru"", ""https://www.cosmos-bank.ru""]"
1027739463300,2252,"АКБ ""ТЕНДЕР-БАНК"" (АО)",[]
1027739053704,2268,"ПАО ""МТС-Банк""","[""https://dzen.ru/mtsbank"", ""https://dzen.ru/ochenbizi"", ""https://max.ru/deIaemdengi"", ""https://max.ru/mts_bank_official"", ""https://max.ru/mtsbankcareer"", ""https://ok.ru/mts.bank.business"", ""https://ok.ru/mtsbank"", ""https://ok.ru/mtsdengi"", ""https://ru.pinterest.com/mtsbankcareer"", ""https://set.ki/channel/HeXUFXT"", ""https://set.ki/channel/W2Hkrdg"", ""https://t.me/deIaemdengi"", ""https://t.me/mbnk_official"", ""https://t.me/mts_bank_business"", ""https://t.me/mts_bank_official"", ""https://t.me/mts_dengi_official"", ""https://t.me/mtsbankcareer"", ""https://t.me/mtsbankinterns"", ""https://vk.ru/mts_bank_business"", ""https://vk.ru/mts_dengi_official"", ""https://vk.ru/mtsbankcareer"", ""https://vk.ru/mtsbankru"", ""https://www.mtsbank.ru"", ""https://www.youtube.com/@mts_bank_official""]"
1020280000190,2275,"ПАО ""БАНК УРАЛСИБ""","[""http://dbo.uralsibbank.ru"", ""http://vk.com/bankuralsib"", ""https://bfa.ru"", ""https://bonuspartner.ru"", ""https://journal.uralsib.ru"", ""https://lk.digital.uralsib.ru"", ""https://m.bankuralsib.ru"", ""https://m.uralsib.ru"", ""https://market.uralsib.ru"", ""https://np.atlascard.ru"", ""https://partners-c2b.uralsib.ru"", ""https://uralsib.ru"", ""https://www.bankuralsib.ru"", ""https://www.bfa.ru"", ""https://www.bonuspartner.ru"", ""https://www.uralsib.ru""]"
1027739210630,2289,"АО ""Банк Русский Стандарт""","[""https://anketa.rsb.ru"", ""https://business.rsb.ru"", ""https://merchantportal.rsb.ru"", ""https://oms.rsb.ru"", ""https://onlinecredit.ru"", ""https://pin.rsb.ru"", ""https://pos.rsb.ru"", ""https://statement.rsb.ru"", ""https://travel.rsb.ru"", ""https://www.daricard.ru"", ""https://www.rsb.ru""]"
1027700024560,2306,"АКБ ""Абсолют Банк"" (ПАО)","[""http://superteka.ru"", ""https://absolutbank.com"", ""https://absolutbank.ru"", ""https://absolut-trust.ru"", ""https://absolutvip.ru"", ""https://ausn.absolutbank.ru"", ""https://dzen.ru/absolutbank"", ""https://online.absolutbank.ru"", ""https://vk.com/absolutbankru"", ""https://vklad.absolutbank.ru"", ""https://www.absolutbank.com"", ""https://www.absolutbank.ru"", ""https://www.absolut-trust.ru"", ""https://www.absolutvip.ru"", ""https://www.t.me/absolut_bank""]"
1027739447922,2307,АО Банк Инго,"[""https://www.ingobank.ru""]"
1027739857551,2309,"АКБ ""БЭНК ОФ ЧАЙНА"" (АО)","[""http://www.boc.ru""]"
1037739527077,2312,"АО ""Банк ДОМ.РФ""","[""https://bankdomrf.ru"", ""https://bank-rc.ru"", ""https://bank-rk.ru"", ""https://domrfbank.ru"", ""https://ok.ru/domrfbank"", ""https://rc-bank.ru"", ""https://rkbank.ru"", ""https://rk-bank.ru"", ""https://roscap.com"", ""https://roscap.ru"", ""https://t.me/domrf_bank"", ""https://vk.com/domrfbank"", ""https://%D0%B1%D0%B0%D0%BD%D0%BA%D1%80%D0%BA.%D1%80%D1%84"", ""https://%D0%B1%D0%B0%D0%BD%D0%BA-%D1%80%D0%BA.%D1%80%D1%84"", ""https://%D1%80%D0%BA%D0%B1%D0%B0%D0%BD%D0%BA.%D1%80%D1%84"", ""https://%D1%80%D0%BA-%D0%B1%D0%B0%D0%BD%D0%BA.%D1%80%D1%84""]"
1026000001796,2368,"ООО ""Бланк банк""","[""https://blanc.ru""]"
1027739461694,2374,"АО ""НДБанк""","[""https://ndb24.ru""]"
1026500002286,2390,"Банк ""ИТУРУП"" (ООО)","[""https://iturupbank.ru""]"
1027700565970,2402,"АО АКБ ""ЕВРОФИНАНС МОСНАРБАНК""","[""https://www.evrofinance.ru""]"
1020500003941,2407,"ООО КБ ""МВС Банк""","[""http://www.mvs-bank.ru""]"
1027739050833,2438,Банк Глобус (АО),"[""http://www.bank-globus.ru"", ""https://max.ru/id7725038220_biz"", ""https://www.bankglobus.ru""]"
1027700218666,2440,"ПАО АКБ ""Металлинвестбанк""","[""http://metallinvestbank.ru"", ""http://www.metallinvestbank.ru"", ""https://cred.metib.ru"", ""https://metallinvestbank.ru"", ""https://www.metallinvestbank.ru""]"
1026600000195,2443,"ПАО ""МЕТКОМБАНК""","[""https://metcom.ru"", ""https://www.metcom.ru""]"
1137711000074,2490,"АО ""ГЕНБАНК""","[""https://genbank.ru"", ""https://mp.genbank.ru"", ""https://partner.genbank.ru"", ""https://t.me/genbank_russia"", ""https://vk.com/club72212001"", ""https://www.genbank.ru""]"
1027739526935,2494,"АО ""Банк Кредит Свисс (Москва)""","[""http://www.bank-credit-suisse-moscow.ru"", ""https://www.bank-credit-suisse-moscow.ru""]"
1027739329375,2495,ИНГ БАНК (ЕВРАЗИЯ) АО,"[""https://ing.ru"", ""https://www.ing.ru""]"
1023800000245,2499,"ООО ""Крона-Банк""","[""https://www.krona-bank.ru""]"
1027700140753,2506,"ООО ""банк Раунд""","[""https://www.round.ru""]"
1026300001881,2507,"АО ""Тольяттихимбанк""","[""https://www.thbank.ru""]"
1022300003703,2518,"КБ ""Кубань Кредит"" ООО","[""https://infinite.kk.bank"", ""https://infinite.kubankredit.ru"", ""https://kk.bank"", ""https://kk.ru"", ""https://kkbank.ru"", ""https://kuban.credit"", ""https://kubancredit.biz"", ""https://kuban-credit.biz"", ""https://kubancredit.com"", ""https://kuban-credit.com"", ""https://kubancredit.net"", ""https://kuban-credit.net"", ""https://kuban-credit.su"", ""https://kubankredit.biz"", ""https://kuban-kredit.biz"", ""https://kubankredit.com"", ""https://kuban-kredit.com"", ""https://kubankredit.net"", ""https://kuban-kredit.net"", ""https://kuban-kredit.su"", ""https://kubcred.ru"", ""https://kubkred.ru"", ""https://ok.ru/kubankredit"", ""https://online.kubankredit.ru"", ""https://promo.kk.bank"", ""https://twitter.com/kubankredit"", ""https://vip.kk.bank"", ""https://vip.kubankredit.ru"", ""https://vk.com/kubankredit"", ""https://www.kubankredit.ru"", ""https://%D0%BA%D1%83%D0%B1%D0%B0%D0%BD%D0%BA%D1%80%D0%B5%D0%B4%D0%B8%D1%82.%D1%80%D1%84"", ""https://%D0%BA%D1%83%D0%B1%D0%B0%D0%BD%D1%8C%D0%BA%D1%80%D0%B5%D0%B4%D0%B8%D1%82.com"", ""https://%D0%BA%D1%83%D0%B1%D0%B0%D0%BD%D1%8C-%D0%BA%D1%80%D0%B5%D0%B4%D0%B8%D1%82.com"", ""https://%D0%BA%D1%83%D0%B1%D0%B0%D0%BD%D1%8C%D0%BA%D1%80%D0%B5%D0%B4%D0%B8%D1%82.net"", ""https://%D0%BA%D1%83%D0%B1%D0%B0%D0%BD%D1%8C-%D0%BA%D1%80%D0%B5%D0%B4%D0%B8%D1%82.net"", ""https://%D0%BA%D1%83%D0%B1%D0%B0%D0%BD%D1%8C%D0%BA%D1%80%D0%B5%D0%B4%D0%B8%D1%82.su"", ""https://%D0%BA%D1%83%D0%B1%D0%B0%D0%BD%D1%8C-%D0%BA%D1%80%D0%B5%D0%B4%D0%B8%D1%82.su"", ""https://%D0%BA%D1%83%D0%B1%D0%B0%D0%BD%D1%8C%D0%BA%D1%80%D0%B5%D0%B4%D0%B8%D1%82%D0%B1%D0%B0%D0%BD%D0%BA.%D1%80%D1%84""]"
1027800000942,2530,ЭКСИ-Банк (АО),"[""https://www.exibank.ru""]"
1025480001073,2534,"АО КБ ""Пойдём!""","[""https://dzen.ru/bank_poidem"", ""https://ok.ru/bankpoidem"", ""https://t.me/bank_poidem"", ""https://vk.com/bankpoidem"", ""https://vk.com/poidem_perm"", ""https://www.poidem.ru"", ""https://www.youtube.com/channel/UCQWiF2e042gdt6ND1sz_Tcg""]"
1027739075891,2546,"АО АКБ ""НОВИКОМБАНК""","[""https://max.rulnovikombank_official"", ""https://t.me/novikombank_official"", ""https://vk.%D1%81%D0%BEm/club232477455"", ""https://www.novikom.ru""]"
1027800000227,2551,"АО Банк ""ПСКБ""","[""http://www.pscb.ru"", ""https://online.pscb.ru"", ""https://t.me/pscb_bank"", ""https://vk.com/pscb_bank""]"
1027700431296,2557,"АО ""РенКап Банк""","[""https://www.linkedin.com/company/rencapbank"", ""https://www.rencapbank.ru""]"
1037739412700,2559,"""ЗИРААТ БАНК (МОСКВА)"" (АО)","[""http://www.ziraatbank.ru""]"
1027600000075,2564,"ИКБР ""ЯРИНТЕРБАНК"" (ООО)","[""https://www.yarinterbank.ru""]"
1194501005401,2568,"ООО БАНК ""КУРГАН""","[""https://bank45.ru"", ""https://www.bank45.ru""]"
1027400000638,2584,"Банк ""КУБ"" (АО)","[""https://creditural.ru"", ""https://max.ru/id7414006722_biz"", ""https://ok.ru/group/58677142290528"", ""https://prostobank.online"", ""https://rutube.ru/channel/25831462"", ""https://t.me/credit_ural_bank"", ""https://t.me/credituralbank_business"", ""https://t.me/prostobankonline"", ""https://vk.com/clubcredituralbank"", ""https://vk.com/credituralbank_business"", ""https://vk.com/prostobank_online"", ""https://www.creditural.ru"", ""https://www.zen.yandex.ru/prostobank"", ""https://zen.yandex.ru/credituralbank""]"
1021600000839,2587,"ПАО ""АКИБАНК""","[""https://akibank.korona.net"", ""https://business.faktura.ru/f2b/?site=akibankcorp"", ""https://online.akibank.ru"", ""https://telegram.me/s/bankfeatbusiness"", ""https://vk.com/akibank.official"", ""https://www.akibank.ru""]"
1021600000124,2590,"ПАО ""АК БАРС"" БАНК","[""https://akbars.ru"", ""https://bg.akbars.ru"", ""https://info.akbars.ru"", ""https://mp.akbars.ru"", ""https://profit.akbars.ru"", ""https://%D0%B0bpay.akbars.ru""]"
1031403918138,2602,"АКБ ""Алмазэргиэнбанк"" АО","[""http://www.albank.ru""]"
1025500001163,2609,"АО ""ИТ Банк""","[""https://itbank.ru""]"
1027800003505,2611,"АО Банк ""Объединенный капитал""","[""https://www.okbank.ru""]"
1027700056977,2618,"АО АКБ ""МЕЖДУНАРОДНЫЙ ФИНАНСОВЫЙ КЛУБ""","[""http://www.mfk-bank.ru""]"
1027739606245,2629,"КБ ""Дж.П. Морган Банк Интернешнл"" (ООО)","[""https://russia.jpmorgan.com""]"
1022400000160,2645,"АО АИКБ ""Енисейский объединенный банк""","[""https://bitrix.united.ru"", ""https://business.united.ru"", ""https://ok.ru/unitedbank"", ""https://partners.united.ru"", ""https://private.united.ru"", ""https://promo.united.ru"", ""https://vk.com/united_bank"", ""https://www.united.ru""]"
1020400000059,2650,"АКБ ""НООСФЕРА"" (АО)","[""https://noosferabank.ru""]"
1022200531484,2659,"ООО КБ ""Алтайкапиталбанк""","[""http://capitalbank.ru"", ""http://www.capitalbank.ru""]"
1027739228758,2664,"АКБ ""СЛАВИЯ"" (АО)","[""https://lk.slaviabank.ru"", ""https://slaviabank.com"", ""https://slavia-bank.com"", ""https://slaviabank.ru"", ""https://slavia-bank.ru"", ""https://%D1%81%D0%BB%D0%B0%D0%B2%D0%B8%D1%8F%D0%B1%D0%B0%D0%BD%D0%BA.%D1%80%D1%84""]"
1027739642281,2673,"АО ""ТБанк""","[""https://infobank.rosbank-auto.ru"", ""https://info-partners.rosbank-auto.ru"", ""https://www.custody.ru"", ""https://www.private-banking.ru"", ""https://www.rosbank.ru"", ""https://www.rosbank-auto.ru"", ""https://www.tbank.ru"", ""https://www.tinkoff.ru""]"
1027739621810,2682,"КБ ""Крокус-Банк"" (ООО)","[""https://www.crocusbank.ru""]"
1057711014195,2707,"КБ ""ЛОКО-Банк"" (АО)","[""http://business-credit.ru"", ""http://locko-bank.info"", ""http://lockobank.su"", ""http://locko-bank.su"", ""http://lokobank.ru"", ""http://%D0%BB%D0%BE%D0%BA%D0%BE%D0%B1%D0%B0%D0%BD%D0%BA.%D1%80%D1%84"", ""http://%D0%BB%D0%BE%D0%BA%D0%BE-%D0%B1%D0%B0%D0%BD%D0%BA.%D1%80%D1%84"", ""https://envelope.lockobank.ru"", ""https://lockobank.ru"", ""https://lockomarket.ru"", ""https://reg.lockobank.ru"", ""https://vk.com/lockobank"", ""https://voip.lockobank.ru""]"
1021100000074,2721,"""Северный Народный Банк"" (АО)","[""https://www.sevnb.ru""]"
1025100003917,2722,"БАНК ""МСКБ"" (АО)","[""https://www.bank-mscb.ru"", ""https://www.%D0%B1%D0%B0%D0%BD%D0%BA-%D0%BC%D1%81%D0%BA%D0%B1.%D1%80%D1%84""]"
1022500001061,2733,"ПАО СКБ Приморья ""Примсоцбанк""","[""https://pskb.com"", ""https://vk.com/pskbpublic""]"
1027739120199,2738,"АКБ ""Держава"" ПАО","[""http://derzhava.ru"", ""http://old.derzhava.ru"", ""http://www.derzhava.ru"", ""https://derzhava.ru"", ""https://old.derzhava.ru""]"
1027700159497,2748,"АО ""БМ-Банк""","[""https://lk.open-broker.ru"", ""https://open-broker.ru"", ""https://www.bm-bank.ru"", ""https://www.open.ru""]"
1027739028536,2755,"АО ""НК Банк""","[""https://nkbank.ru"", ""https://www.nkbank.ru""]"
1027739543182,2763,ИНВЕСТТОРГБАНК АО,"[""http://www.itb.ru""]"
1027739176563,2766,"АО ""ОТП Банк""","[""http://max.ru/otpbanknews"", ""https://dzen.ru/otpbank"", ""https://ok.ru/otpbank.ru"", ""https://t.me/otpbanknews"", ""https://vk.com/otpbank.ru"", ""https://www.loan.otpbank.ru"", ""https://www.otpbank.ru""]"
1022300001811,2772,ЮГ-Инвестбанк (ПАО),"[""https://invb.ru""]"
1027739408290,2776,"ООО ""АТБ"" Банк","[""http://atbbank.ru"", ""http://autotorgbank.ru"", ""http://avtotorgbank.ru"", ""http://www.7305115.ru"", ""http://www.atbbank.ru"", ""http://www.autotorgbank.ru"", ""http://www.avtotorgbank.ru"", ""https://www.autotorgbank.ru"", ""https://www.avtotorgbank.ru""]"
1027739094250,2789,АО МС Банк Рус,"[""https://mcbankrus.ru"", ""https://www.mcbankrus.ru""]"
1027739109133,2790,АО РОСЭКСИМБАНК,"[""http://eximbank.ru"", ""http://www.eximbank.ru""]"
1026200000386,2796,"Банк ""Вятич"" (АО)","[""https://bankvyatich.ru"", ""https://ibank2.bankvyatich.ru""]"
1037739001046,2799,"АО ""Банк ФИНАМ""","[""https://www.finambank.ru""]"
1021200004748,2802,"Банк ""Йошкар-Ола"" (ПАО)","[""https://lk.olabank.ru"", ""https://olaclub.ru"", ""https://school.olabank.ru"", ""https://www.olabank.ru""]"
1027739582089,2807,"АКБ ""Трансстройбанк"" (АО)","[""http://www.transstroibank.ru"", ""http://www.transstroybank.ru"", ""http://www.tsbnk.ru"", ""https://coins.tsbnk.ru"", ""https://ok.ru/coins.tsbnk"", ""https://t.me/TSB_ExchangeBot"", ""https://t.me/tsbnk_ru"", ""https://vk.com/coins.tsbnk""]"
1023500000160,2816,"АО ""БАНК СГБ""","[""https://gazeta.severgazbank.ru"", ""https://max.ru/id3525023780_biz"", ""https://ok.ru/group/57299547652215"", ""https://retail.etf-int.ru"", ""https://severgazbank.ru"", ""https://t.me/severgazbank_news"", ""https://vk.com/sgbbank""]"
1027739247227,2830,"АО КБ ""Соколовский""","[""http://sbnk.ru"", ""http://www.sbnk.ru"", ""https://astrasend.net"", ""https://astrasend.ru"", ""https://sbnk.ru"", ""https://www.sbnk.ru"", ""https://%D0%B0%D1%81%D1%82%D1%80%D0%B0%D1%81%D0%B5%D0%BD%D0%B4.%D1%80%D1%84""]"
1027739563610,2838,"ООО КБ ""СИНКО-БАНК""","[""https://www.sinko-bank.ru""]"
1027739919954,2846,"ООО ""СМЛТ Банк""","[""https://samoletbank.ru""]"
1027739199927,2853,"ООО КБ ""Столичный Кредит""","[""http://bankck.ru"", ""http://bankintegral.ru"", ""http://capitalkredit.ru"", ""http://www.bankintegral.ru"", ""http://www.capitalkredit.ru"", ""http://%D0%B1%D0%B0%D0%BD%D0%BA%D1%81%D1%82%D0%BE%D0%BB%D0%B8%D1%87%D0%BD%D1%8B%D0%B9%D0%BA%D1%80%D0%B5%D0%B4%D0%B8%D1%82.%D1%80%D1%84"", ""http://%D0%BA%D0%B1%D1%81%D1%82%D0%BE%D0%BB%D0%B8%D1%87%D0%BD%D1%8B%D0%B9%D0%BA%D1%80%D0%B5%D0%B4%D0%B8%D1%82.%D1%80%D1%84"", ""https://capitalkredit.ru"", ""https://open.capitalkredit.ru"", ""https://www.capitalkredit.ru""]"
1026400001770,2860,"(АО ""Банк ""Агророс"")","[""https://agroros.ru"", ""https://credit-fl-lkk.agroros.ru"", ""https://credit-lkk.agroros.ru"", ""https://rko-lk.agroros.ru"", ""https://www.agroros.ru"", ""https://%D0%B0%D0%B3%D1%80%D0%BE%D1%80%D0%BE%D1%81.%D1%80%D1%84""]"
1027739066354,2867,"АО ""ИШБАНК""","[""https://www.isbank.com.ru""]"
1024200001847,2868,"АКБ ""Кузбассхимбанк"" (ПАО)","[""http://kuzbasshimbank.ru"", ""http://www.kuzbasshimbank.ru"", ""https://kuzbasshimbank.ru"", ""https://www.kuzbasshimbank.ru""]"
1027300000012,2876,"АО КБ ""НИБ""","[""https://www.nib-samara.ru""]"
1027700367507,2879,"ПАО АКБ ""АВАНГАРД""","[""https://vk.com/bankavangard"", ""https://www.avangard.ru""]"
1095000004252,2880,"АО КБ ""АГРОПРОМКРЕДИТ""","[""https://apkbank.ru""]"
1037739058609,2881,"""СОЦИУМ-БАНК"" (ООО)","[""https://socium-bank.ru""]"
1024200002276,2883,"""БСТ-БАНК"" АО","[""https://www.bstbank.ru""]"
1027739881223,2905,"""Банк Кремлевский"" ООО","[""https://kremlinbank.ru"", ""https://www.kremlinbank.ru""]"
1027739554930,2914,"ООО КБ ""АРЕСБАНК""","[""https://aresbank.ru"", ""https://www.aresbank.ru""]"
1027700074775,2929,ББР Банк (АО),"[""https://bbr.ru"", ""https://lkap.bbr.ru"", ""https://lkborrower.bbr.ru"", ""https://max.ru/id3900001002_biz"", ""https://telegram.me/bbrbank"", ""https://www.vk.com/bbrbank""]"
1027400001727,2964,"АО ""УРАЛПРОМБАНК""","[""https://uralprombank.ru"", ""https://vk.com/uralprombank"", ""https://www.uralprombank.ru""]"
1027800000348,2982,"АО ""ГОРБАНК""","[""https://www.gorbank.spb.ru""]"
1023800000278,2990,"КБ ""Байкалкредобанк"" (АО)","[""https://www.baikalcredobank.ru/irk""]"
1028600003442,2995,"КБ ""СТРОЙЛЕСБАНК"" (ООО)","[""https://promo.slbank.ru"", ""https://slbank.ru"", ""https://t.me/STROYLESBANK"", ""https://vk.ru/slb.praktikabiznesa"", ""https://www.promo.slbank.ru"", ""https://www.slbank.ru""]"
1037739758022,2996,"ООО ""ПроКоммерцБанк""","[""http://www.procombank.ru"", ""http://www.procommercebank.ru"", ""https://bank.procombank.com""]"
1024200006434,2997,"АО ""Углеметбанк""","[""https://www.coalmetbank.ru""]"
1217700369083,2998,"АО ""Экспобанк""","[""https://www.expobank.ru""]"
1022500000566,3001,"ПАО АКБ ""Приморье""","[""https://max.ru/join/cWyy_XnSkuLzFaZaCc6v9vjz52Nw16MZtWnueN_2DUU"", ""https://t.me/primbank"", ""https://t.me/primbank_bot"", ""https://vk.com/bankprim"", ""https://www.primbank.ru""]"
1027739067861,3013,"АО Банк ""Развитие-Столица""","[""http://dcapital.ru"", ""http://www.dcapital.ru"", ""http://%D0%91%D0%90%D0%9D%D0%9A-%D0%A0%D0%90%D0%97%D0%92%D0%98%D0%A2%D0%98%D0%95-%D0%A1%D0%A2%D0%9E%D0%9B%D0%98%D0%A6%D0%90.%D0%A0%D0%A4"", ""http://%D0%A0%D0%90%D0%97%D0%92%D0%98%D0%A2%D0%98%D0%95-%D0%A1%D0%A2%D0%9E%D0%9B%D0%98%D0%A6%D0%90.%D0%A0%D0%A4"", ""https://dcapital.ru"", ""https://www.dcapital.ru""]"
1027739082931,3017,"""Республиканский Кредитный Альянс"" ООО","[""http://WWW.CBRCA.RU"", ""https://WWW.CBRCA.RU""]"
1077711000091,3027,"АО ""Яндекс Банк""","[""https://yabank.yandex.ru""]"
1027739043750,3077,"""Нацинвестпромбанк"" (АО)","[""http://www.nipbank.ru""]"
1027744003231,3095,"""Вэйбанк"" АО","[""https://www.waybank.ru""]"
1037744005771,3099,"АО ""РФК-банк""","[""http://www.rusfincorp.ru""]"
1027739469746,3116,"ООО КБ ""ЭКО-ИНВЕСТ""","[""http://www.eco-invest.ru""]"
1027739198200,3124,"АО ""НС Банк""","[""http://www.nsbank.ru"", ""https://max.ru/id7744001024_biz"", ""https://t.me/ns_bank"", ""https://vk.com/nsbank""]"
1026100002565,3136,"АО ""Таганрогбанк""","[""https://tagbank.ru"", ""https://www.tagbank.ru""]"
1027739098639,3138,"АО ""Банк БЖФ""","[""http://bgf-bank.ru"", ""http://www.%D0%B8%D0%BF%D0%BE%D1%82%D0%B5%D0%BA%D0%B0.%D1%80%D1%84"", ""https://%D0%B8%D0%BF%D0%BE%D1%82%D0%B5%D0%BA%D0%B0.%D1%80%D1%84""]"
1026600000074,3161,"ПАО ""Контур.Банк""","[""https://kontur.ru/bank"", ""https://kontur.ru/lp"", ""https://open.kontur.ru/account"", ""https://t.me/kontur_bank_official""]"
1027739223687,3172,"АО ""МОСКОМБАНК""","[""https://stock.moscombank.ru"", ""https://www.moscombank.ru/https://%D0%BC%D0%BE%D1%81%D0%BA%D0%BE%D0%BC%D0%B1%D0%B0%D0%BD%D0%BA.%D1%80%D1%84""]"
1020500003919,3173,"ООО КБ ""ВНЕШФИНБАНК""","[""https://ok.ru/group/56534186131617"", ""https://vfbank.ru"", ""https://vk.com/vfbank"", ""https://www.vfbank.ru""]"
1027800001570,3176,"ПАО ""БАЛТИНВЕСТБАНК""","[""https://BALTINVESTBANK.COM"", ""https://ZALOG.BALTINVESTBANK.COM""]"
1020500002093,3184,"КБ ""Континенталь"" ООО","[""http://www.bankkontinental.ru""]"
1037739028678,3185,Эс-Би-Ай Банк ООО,"[""https://dzen.ru/sbibankofficial"", ""https://max.ru/id7708013592_biz"", ""https://t.me/sbibank_official"", ""https://t.me/sbibankllc_business"", ""https://vk.com/sbibankllc_business"", ""https://vk.com/sbibankllc_official""]"
1027800000095,3194,"АО ""Сити Инвест Банк""","[""http://cibank.ru"", ""http://www.cibank.ru"", ""https://cibank.ru"", ""https://www.cibank.ru""]"
1023400000018,3202,АО НОКССБАНК,[]
1026400001870,3223,"АО ""Свой Банк""","[""https://svoi.ru""]"
1137711000096,3224,МП Банк (ООО),"[""https://www.mp-bank.ru""]"
1027700156164,3231,"БАНК ""АГОРА"" ООО","[""http://www.kbagora.ru"", ""https://kbagora.ru""]"
1027800000910,3235,"АО ""СЭБ Банк""","[""https://seb.ru"", ""https://www.seb.ru""]"
1022400003944,3245,ПАО ФИНСТАР БАНК,"[""https://finstarbank.ru"", ""https://vk.com/pao_finstarbank"", ""https://www.banki.ru/banks/bank/finstarbank"", ""https://www.finstarbank.ru""]"
1027739045124,3247,"АО БАНК ""МОСКВА-СИТИ""","[""https://mcbank.ru"", ""https://vk.com/moscowcityrnd"", ""https://www.mcbank.ru""]"
1027739019142,3251,"ПАО ""Банк ПСБ""","[""https://1.psbank.ru"", ""https://psblog.ru"", ""https://www.psbank.ru""]"
1024000000210,3252,"АО ""Газэнергобанк""","[""http://gebank.ru"", ""https://vk.com/gebkaluga""]"
1027739056927,3255,ПАО Банк ЗЕНИТ,"[""https://cardzenit.ru"", ""https://rutube.ru/channel/10198970"", ""https://t.me/bankzenit"", ""https://twitter.com/bank_zenit"", ""https://vk.com/bank_zenit"", ""https://wealth-care.ru"", ""https://web.max.ru/-72851807735824"", ""https://www.ok.ru/bankzenit"", ""https://www.zenit.ru"", ""https://zenit.ru"", ""https://zenitcard.ru"", ""https://zenitresearch.ru"", ""https://zenlt.ru""]"
1027739254036,3257,"МКИБ ""РОССИТА-БАНК"" ООО","[""http://www.russitabank.ru""]"
1025600002230,3269,"АО ""БАНК ОРЕНБУРГ""","[""https://dzen.ru/bankorenburg"", ""https://max.ru/join/__3L40cbWoYeiWxa5GyP7d8pNySEpJYewoLBlgb6idg"", ""https://ok.ru/bankorenburg"", ""https://orbank.ru"", ""https://t.me/bankorenburg"", ""https://vk.com/bank_orenburg""]"
1024300000097,3271,"АО ""Первый Дортрансбанк""","[""https://dtb1.ru"", ""https://ok.ru/dtb1kirov"", ""https://t.me/dtb1kirov"", ""https://vk.com/dtb1kirov""]"
1027800000480,3279,"Банк ""ТРАСТ"" (ПАО)","[""https://www.trust.ru""]"
1027739186914,3287,"Банк ""ВБРР"" (АО)","[""http://vbrr.ru"", ""http://www.vbrr.ru"", ""https://vbrr.ru"", ""https://www.vbrr.ru""]"
1027739326449,3292,"АО ""Райффайзенбанк""","[""https://1c.raif.ru"", ""https://career.raiffeisen.ru"", ""https://fw.raiffeisen.ru"", ""https://ipoteka.raiffeisen.ru"", ""https://openapi.raif.ru"", ""https://pay.raif.ru"", ""https://payments.raiffeisen.ru"", ""https://rbru-depository.ru"", ""https://skidki.raiffeisen.ru"", ""https://status.raiffeisen.ru"", ""https://t.me/Raiffeisenbankrus"", ""https://vk.com/raiffeisenbankrus"", ""https://www.raif.ru"", ""https://www.raiffeisen.ru"", ""https://www.raiffeisenbank.ru"", ""https://www.raiffeisen-media.ru"", ""https://www.rzb.ru""]"
1027739671288,3293,"""Русьуниверсалбанк"" (ООО)",[]
1037739447350,3296,"АО ""ПроБанк""","[""https://apps.apple.com/ru/app/probank-2025/id6745783668"", ""https://play.google.com/store/apps/details?id=pro.probank.client"", ""https://www.probank.pro""]"
1021500000730,3298,"АО ""Классик Эконом Банк""","[""http://www.akbkeb.ru""]"
1025200001661,3300,"АО ""КОШЕЛЕВ-БАНК""","[""https://koshelev-bank.ru"", ""https://vk.com/kvbank""]"
1027739278973,3303,Азия-Инвест Банк (АО),"[""https://ai-bank.ru"", ""https://t.me/asiainvestbank"", ""https://vk.com/asiainvestbank1996"", ""https://www.youtube.com/channel/UCMdoAMkA1ZTGps8Q7r80Kgw/videos""]"
1037739326063,3311,"АО ""Кредит Европа Банк (Россия)""","[""https://auction.cebank.ru"", ""https://crediteurope.ru"", ""https://dolg.crediteurope.ru"", ""https://parking.crediteurope.ru"", ""https://promo.crediteurope.ru"", ""https://t.me/crediteuropebank_official"", ""https://twitter.com/#!/CEB_russia"", ""https://urban-card.ru"", ""https://vk.com/crediteurope"", ""https://www.cardcredit.ru"", ""https://www.comfortcredit.ru""]"
1027739369041,3328,"ООО ""Дойче Банк""","[""http://www.deutschebank.ru"", ""http://www.deutsche-bank.ru"", ""https://autobahn.db.com"", ""https://db-ccm.dbmoscow.ru""]"
1027739453390,3330,"АО ""Денизбанк Москва""","[""http://www.denizbank.ru""]"
1027739070259,3333,"АО ""КОММЕРЦБАНК (ЕВРАЗИЯ)""","[""https://www.commerzbank.ru""]"
1027700317028,3337,"АО ""Мидзухо Банк (Москва)""","[""https://www.mizuhogroup.com/emea/russia""]"
1027739108649,3340,"АО ""МСП Банк""","[""https://max.ru/msp_bank"", ""https://mspbank.ru"", ""https://t.me/msp_bank"", ""https://www.vk.com/mspbank"", ""https://youtube.com/channel/UCZKXTCYO4FhCvxbG-DKo5zg""]"
1035100260579,3341,"ООО ""Мурманский расчетный Банк""","[""https://mtcfinance.ru""]"
1027700342890,3349,"АО ""Россельхозбанк""","[""http://invest.rshb.ru"", ""https://booking-visit.rshb.ru"", ""https://coins.rshb.ru"", ""https://developers.rshb.pro"", ""https://digitalproduct.rshb.ru"", ""https://dzen.ru/svoeselo"", ""https://dzen.ru/svoevagro"", ""https://dzen.ru/svoevse"", ""https://file.rshb.ru"", ""https://invest.rshb.ru"", ""https://ok.ru/group/70000000513552"", ""https://partner.rusagrobank.com"", ""https://private-banking.rshb.ru"", ""https://retail.rshb.ru"", ""https://rshb.ru"", ""https://rshbdigital.ru"", ""https://sign-rosreestr.rshb.ru"", ""https://svoe.ru"", ""https://svoedom.ru"", ""https://svoefermerstvo.ru"", ""https://svoe-rodnoe.ru"", ""https://svoe-selo.ru"", ""https://svoevagro.ru"", ""https://svoevse.ru"", ""https://svoe-zagorodom.ru"", ""https://t.me/rshb_tg"", ""https://t.me/svoe_fermerstvo"", ""https://t.me/svoe_rodnoe"", ""https://t.me/yavagro"", ""https://vitrina-zalog.rshb.ru"", ""https://vk.com/rshbru"", ""https://vk.com/svoe_v_agro"", ""https://vk.com/svoefermerstvo"", ""https://vk.com/svoerodnoe.rshb"", ""https://vk.com/svoeselo"", ""https://vk.com/svoevse"", ""https://web.telegram.org/k/#@svoe_selo"", ""https://www.ok.ru/group/52665958400202"", ""https://www.rshb.ru""]"
1027739586291,3354,"КБ ""Ренессанс Кредит"" (ООО)","[""http://www.odnoklassniki.ru/group/52357718737060"", ""https://dzen.ru/rencredit"", ""https://ok.ru/group/61614365605955"", ""https://t.me/ren_bank"", ""https://t.me/renbank_invest"", ""https://twitter.com/ren_credit"", ""https://vk.com/renaissancecredit"", ""https://vk.com/rencredit.invest"", ""https://www.rencredit.ru""]"
1107711000066,3365,"КБ ""Москоммерцбанк"" (АО)","[""https://www.moskb.ru""]"
1027739553753,3379,"КБ ""Максима"" (ООО)","[""https://bankmaxima.ru""]"
1087711000013,3388,"АО ""Банк Финсервис""","[""https://www.finsb.ru""]"
1027739877857,3395,"""Банк ""МБА-МОСКВА"" ООО","[""http://ibamoscow.ru"", ""https://ard.moscow"", ""https://granat.az"", ""https://granatpay.ru"", ""https://t.me/granatpay"", ""https://vk.com/granatpay"", ""https://vk.com/ibamru"", ""https://www.ibam.ru""]"
1027739669726,3396,"АО ""МБ Банк""","[""https://mbbru.ru"", ""https://www.mbbru.ru""]"
1027739028855,3403,"АО КБ ""РУСНАРБАНК""","[""https://rusnarbank.ru"", ""https://www.rusnarbank.ru""]"
1027700045780,3407,"""БНП ПАРИБА БАНК"" АО","[""https://www.bnpparibasbank.ru""]"
1027600000251,3413,"КБ ""РБА"" (ООО)","[""https://rbabank.ru"", ""https://www.rbabank.ru"", ""https://%D0%A0%D0%91%D0%90%D0%91%D0%90%D0%9D%D0%9A.%D0%A0%D0%A4""]"
1027739312589,3415,"ООО ""Банк РСИ""","[""http://www.bankrsi.ru""]"
1027739042143,3416,"ООО ""Унифондбанк""","[""http://www.ufb.ru""]"
1027700047715,3417,"КБ ""Новый век"" (ООО)","[""http://www.newbank.ru""]"
1157700006650,3421,"АО Банк ""Национальный стандарт""","[""http://www.rsbank.ru"", ""http://www.%D0%BE%D1%82%D0%BB%D0%B8%D1%87%D0%BD%D1%8B%D0%B9%D0%B1%D0%B0%D0%BD%D0%BA.%D1%80%D1%84"", ""https://ns-bank.ru"", ""https://www.ns-bank.ru""]"
1037711002339,3436,"ООО ""Первый Клиентский Банк""","[""https://1cb.ru""]"
1037711012998,3446,"""Коммерческий Индо Банк"" ООО","[""http://cibl.ru""]"
1087711000046,3450,"Банк ""РЕСО Кредит"" (АО)","[""http://resocreditbank.ru"", ""http://www.resocreditbank.ru"", ""https://resocreditbank.ru"", ""https://www.resocreditbank.ru""]"
1067711001863,3463,"ООО ""Ю Би Эс Банк""","[""https://www.ubs.com/ru/ru/ooo-ubs-bank.html""]"
1067711004492,3465,"АО ""Эм-Ю-Эф-Джи Банк (Евразия)""","[""https://test.mufg.ru"", ""https://www.bk.mufg.jp/ao/index.html""]"
1067711004437,3467,"АО КБ ""ЮНИСТРИМ""","[""http://unistream.com"", ""http://www.unistream.com"", ""https://dzen.ru/unistream"", ""https://ok.ru/unistream"", ""https://t.me/unistreambank"", ""https://unistream.com"", ""https://unistream.ru"", ""https://vk.com/unistreambank"", ""https://www.unistream.ru""]"
1077800000167,3468,Санкт-Петербургский банк инвестиций (АО),"[""https://sbionline.ru""]"
1077711000058,3470,"АО ""Тойота Банк""","[""https://creditcalc.toyotafs.ru"", ""https://dealer.toyotafs.ru"", ""https://www.lexus.ru/finance-services/credit"", ""https://www.lexus-finance.ru"", ""https://www.toyota.ru/toyota-world/bank"", ""https://www.toyota-bank.ru""]"
1077711000113,3473,"ООО ""МБ РУС Банк""","[""https://mbrus-bank.ru"", ""https://myweb.mbrus-bank.ru"", ""https://online.mbrus-bank.ru""]"
1077711000157,3475,АйСиБиСи Банк (АО),"[""https://ubi.icbcmoscow.ru"", ""https://www.icbcmoscow.ru""]"
1077711000190,3479,"АО ""Ури Банк""","[""https://notify.woori.ru:4140"", ""https://woori.ru""]"
1085000001998,3482,"ООО ""БМВ Банк""",[]
1087711000112,3490,"ООО ""Ориджин Банк""","[""https://originbank.ru""]"
1097711000045,3494,"АО ""СМБСР Банк""","[""https://smbcr-bank.ru"", ""https://www.smbcr-bank.ru""]"
1107711000044,3500,"ООО ""Пихта Банк""","[""https://online.pikhtabank.ru"", ""https://pikhtabank.ru""]"
1124700000160,3505,"АО ""БАНК БЕРЕЙТ""","[""http://bereit.ru"", ""http://www.bereit.ru""]"
1123500000216,3507,"""СеверСтройБанк"" АО","[""https://severstroybank35.ru"", ""https://ssb35.ru"", ""https://%D1%81%D0%B5%D0%B2%D0%B5%D1%80%D1%81%D1%82%D1%80%D0%BE%D0%B9%D0%B1%D0%B0%D0%BD%D0%BA.%D1%80%D1%84""]"
1137711000030,3515,"ООО ""Чайна Констракшн Банк""","[""http://ru.ccb.com"", ""http://www.ccbrussia.ru"", ""https://www.ccb.cn/lng/russia/old/lng/index.shtml""]"
1147711000030,3525,"ООО ""КЭБ ЭйчЭнБи Банк""","[""https://www.kebrus.ru""]"
1149102030186,3527,"АО ""Банк ЧБРР""","[""https://%D1%87%D0%B1%D1%80%D1%80.%D1%80%D1%84""]"
1147711000051,3529,"ООО ""Чайнасельхозбанк""","[""http://www.ru.abchina.com""]"
1157700005759,3531,ЦМРБанк (ООО),"[""http://cmrbank.ru"", ""https://cmrbank.ru"", ""https://zero.cmrbank.ru"", ""https://zeroclient.cmrbank.ru""]"
1241600056390,3538,"АО ""Банк 131""","[""https://131.ru"", ""https://dengi.ru"", ""https://developer.131.ru"", ""https://max.ru/join/_564dGMJjzesLQ7bIrPR5waaP50YNbZ51om79AoqQbA"", ""https://t.me/bank131"", ""https://t.me/dengi"", ""https://vc.ru/id1060459""]"
1227700133792,3542,"ООО ""ОЗОН Банк""","[""https://finance.ozon.ru"", ""https://t.me/ozon_bank_official""]"
1227800048068,3543,"ООО Банк ""Пэйджин""","[""https://paymentkit.ru""]"
1237700005157,3545,"ООО ""Банк Точка""","[""https://tochka.com"", ""https://tochka.com/bank""]"
1267700218642,3574,Банк Элемент (ООО),[]
1187456022049,3575,"ООО ""РЕЗОРТ БАНК""","[""https://resortbank.ru""]"
